Ref,Val,Package,PosX,PosY,Rot,Side
"D1","MRA4003T3G","D_SMA",116.850000,-87.550000,180.000000,top
"D2","LED","LED_0603_1608Metric",111.900000,-87.500000,90.000000,top
"J1","Conn_01x03_Pin","PinHeader_1x03_P2.54mm_Horizontal",105.535000,-100.540000,180.000000,top
"J2","Screw_Terminal_01x03","TerminalBlock_bornier-3_P5.08mm",137.900000,-103.130000,90.000000,top
"K1","SANYOU_SRD_Form_C","Relay_SPDT_SANYOU_SRD_Series_Form_C",114.900000,-98.000000,0.000000,top
"Q1","MMBT2222A","SOT-23",109.650000,-96.012500,90.000000,top
"R1","1K","R_0603_1608Metric",108.650000,-100.150000,90.000000,top
"R2","10K","R_0603_1608Metric",110.450000,-100.150000,-90.000000,top
"R3","10K","R_0603_1608Metric",110.050000,-87.500000,90.000000,top
